{"user":{"user":{"email":"example@email.com","token":"6fbb94867b6163cb906b083a2c929f","steamid":"76561198272843849","username":"ILL-SPARROW","created_at":"Wed Nov 18 2020"},"steamid":"76561198272843849","steamProfile":{"steamid":"76561198272843849","username":"Tumssuslucul","last_online":"4 hours ago","created_at":{"date":"Mon Dec 28 2015","duration":"5 years ago"},"avatar":{"small":"https://steamcdn-a.akamaihd.net/steamcommunity/public/images/avatars/5c/5c9d327b627fac28eaa7da83b9a1a0884ce7f3dc.jpg","medium":"https://steamcdn-a.akamaihd.net/steamcommunity/public/images/avatars/5c/5c9d327b627fac28eaa7da83b9a1a0884ce7f3dc_medium.jpg","large":"https://steamcdn-a.akamaihd.net/steamcommunity/public/images/avatars/5c/5c9d327b627fac28eaa7da83b9a1a0884ce7f3dc_full.jpg"},"status":{"text":"Offline","code":0}}},"game":{"owned":[],"recent":[],"games":[{"name":"Project Winter","appid":774861,"playtime":{"total":24,"text":"1 Day","recent":{"total":24,"text":"1 Day"}},"logo":"http://media.steampowered.com/steamcommunity/public/images/apps/774861/c6991b5658dcefeb09f867784b8b4780f4ad2d7c.jpg","banner":"http://media.steampowered.com/steamcommunity/public/images/apps/774861/91d7975abf95c679187af0fe41ebc9797545e5e2.jpg"},{"name":"Phasmophobia","appid":739630,"playtime":{"total":27,"text":"1 Day","recent":{"total":6,"text":"6 Hours"}},"logo":"http://media.steampowered.com/steamcommunity/public/images/apps/739630/125673b382059f666ec81477173380a76e1df0be.jpg","banner":"http://media.steampowered.com/steamcommunity/public/images/apps/739630/e63390ac4ae4bf78787e09f5345629eb5955c6f1.jpg"},{"name":"The Forest","appid":242760,"playtime":{"total":1,"text":"1 Hour","recent":{"total":1,"text":"1 Hour"}},"logo":"http://media.steampowered.com/steamcommunity/public/images/apps/242760/3a6847f6ac5879e48531db52261771d5e22904ac.jpg","banner":"http://media.steampowered.com/steamcommunity/public/images/apps/242760/3a75d451fd17a15d1ff0ba2ac8cb4564cc36233c.jpg"}]},"auth":{"user":{"steamid":"76561198272843849","_id":"0366507d-845d-4004-8fc0-b48a620a850d","username":"WONDERFUL-PIG","email":"newnew@email.com","password":"m1m1m1","token":"4a1a23183d68780d3bc70fc088bf64","created_at":"2020-11-18T17:16:22.185Z"},"steamid":"76561198272843849","steamProfile":{"steamid":"76561198272843849","username":"Tumssuslucul","last_online":"9 Minutes ago","created_at":{"date":"Mon Dec 28 2015","duration":"4 Years ago"},"avatar":{"small":"https://steamcdn-a.akamaihd.net/steamcommunity/public/images/avatars/5c/5c9d327b627fac28eaa7da83b9a1a0884ce7f3dc.jpg","medium":"https://steamcdn-a.akamaihd.net/steamcommunity/public/images/avatars/5c/5c9d327b627fac28eaa7da83b9a1a0884ce7f3dc_medium.jpg","large":"https://steamcdn-a.akamaihd.net/steamcommunity/public/images/avatars/5c/5c9d327b627fac28eaa7da83b9a1a0884ce7f3dc_full.jpg"},"status":{"text":"Online","code":1}}}}
{"user":{"user":{"email":"example@email.com","token":"6fbb94867b6163cb906b083a2c929f","steamid":"76561198272843849","username":"ILL-SPARROW","created_at":"Wed Nov 18 2020"},"steamid":"76561198272843849","steamProfile":{"steamid":"76561198272843849","username":"Tumssuslucul","last_online":"4 hours ago","created_at":{"date":"Mon Dec 28 2015","duration":"5 years ago"},"avatar":{"small":"https://steamcdn-a.akamaihd.net/steamcommunity/public/images/avatars/5c/5c9d327b627fac28eaa7da83b9a1a0884ce7f3dc.jpg","medium":"https://steamcdn-a.akamaihd.net/steamcommunity/public/images/avatars/5c/5c9d327b627fac28eaa7da83b9a1a0884ce7f3dc_medium.jpg","large":"https://steamcdn-a.akamaihd.net/steamcommunity/public/images/avatars/5c/5c9d327b627fac28eaa7da83b9a1a0884ce7f3dc_full.jpg"},"status":{"text":"Offline","code":0}}},"game":{"owned":[],"recent":[],"games":[{"name":"Project Winter","appid":774861,"playtime":{"total":24,"text":"1 Day","recent":{"total":24,"text":"1 Day"}},"logo":"http://media.steampowered.com/steamcommunity/public/images/apps/774861/c6991b5658dcefeb09f867784b8b4780f4ad2d7c.jpg","banner":"http://media.steampowered.com/steamcommunity/public/images/apps/774861/91d7975abf95c679187af0fe41ebc9797545e5e2.jpg"},{"name":"Phasmophobia","appid":739630,"playtime":{"total":27,"text":"1 Day","recent":{"total":6,"text":"6 Hours"}},"logo":"http://media.steampowered.com/steamcommunity/public/images/apps/739630/125673b382059f666ec81477173380a76e1df0be.jpg","banner":"http://media.steampowered.com/steamcommunity/public/images/apps/739630/e63390ac4ae4bf78787e09f5345629eb5955c6f1.jpg"},{"name":"The Forest","appid":242760,"playtime":{"total":1,"text":"1 Hour","recent":{"total":1,"text":"1 Hour"}},"logo":"http://media.steampowered.com/steamcommunity/public/images/apps/242760/3a6847f6ac5879e48531db52261771d5e22904ac.jpg","banner":"http://media.steampowered.com/steamcommunity/public/images/apps/242760/3a75d451fd17a15d1ff0ba2ac8cb4564cc36233c.jpg"}]},"auth":{"user":{"steamid":"76561198272843849","_id":"0366507d-845d-4004-8fc0-b48a620a850d","username":"WONDERFUL-PIG","email":"newnew@email.com","password":"m1m1m1","token":"4a1a23183d68780d3bc70fc088bf64","created_at":"2020-11-18T17:16:22.185Z"},"steamid":"76561198272843849","steamProfile":{"steamid":"76561198272843849","username":"Tumssuslucul","last_online":"9 Minutes ago","created_at":{"date":"Mon Dec 28 2015","duration":"4 Years ago"},"avatar":{"small":"https://steamcdn-a.akamaihd.net/steamcommunity/public/images/avatars/5c/5c9d327b627fac28eaa7da83b9a1a0884ce7f3dc.jpg","medium":"https://steamcdn-a.akamaihd.net/steamcommunity/public/images/avatars/5c/5c9d327b627fac28eaa7da83b9a1a0884ce7f3dc_medium.jpg","large":"https://steamcdn-a.akamaihd.net/steamcommunity/public/images/avatars/5c/5c9d327b627fac28eaa7da83b9a1a0884ce7f3dc_full.jpg"},"status":{"text":"Online","code":1}}}}
{"user":{"user":{"email":"example@email.com","token":"640eee2df369dbd2bf3427bbf7a995","steamid":null        ,"username":"IMAGINATIVE-SHRIMP","created_at":"Wed Nov 18 2020"},"steamid":null,"steamProfile":null},"game":{"owned":[],"recent":[],"games":[{"name":"Project Winter","appid":774861,"playtime":{"total":24,"text":"1 Day","recent":{"total":24,"text":"1 Day"}},"logo":"http://media.steampowered.com/steamcommunity/public/images/apps/774861/c6991b5658dcefeb09f867784b8b4780f4ad2d7c.jpg","banner":"http://media.steampowered.com/steamcommunity/public/images/apps/774861/91d7975abf95c679187af0fe41ebc9797545e5e2.jpg"},{"name":"Phasmophobia","appid":739630,"playtime":{"total":27,"text":"1 Day","recent":{"total":6,"text":"6 Hours"}},"logo":"http://media.steampowered.com/steamcommunity/public/images/apps/739630/125673b382059f666ec81477173380a76e1df0be.jpg","banner":"http://media.steampowered.com/steamcommunity/public/images/apps/739630/e63390ac4ae4bf78787e09f5345629eb5955c6f1.jpg"},{"name":"The Forest","appid":242760,"playtime":{"total":1,"text":"1 Hour","recent":{"total":1,"text":"1 Hour"}},"logo":"http://media.steampowered.com/steamcommunity/public/images/apps/242760/3a6847f6ac5879e48531db52261771d5e22904ac.jpg","banner":"http://media.steampowered.com/steamcommunity/public/images/apps/242760/3a75d451fd17a15d1ff0ba2ac8cb4564cc36233c.jpg"}]},"auth":{"user":{"steamid":"76561198272843849","_id":"0366507d-845d-4004-8fc0-b48a620a850d","username":"WONDERFUL-PIG","email":"newnew@email.com","password":"m1m1m1","token":"4a1a23183d68780d3bc70fc088bf64","created_at":"2020-11-18T17:16:22.185Z"},"steamid":"76561198272843849","steamProfile":{"steamid":"76561198272843849","username":"Tumssuslucul","last_online":"9 Minutes ago","created_at":{"date":"Mon Dec 28 2015","duration":"4 Years ago"},"avatar":{"small":"https://steamcdn-a.akamaihd.net/steamcommunity/public/images/avatars/5c/5c9d327b627fac28eaa7da83b9a1a0884ce7f3dc.jpg","medium":"https://steamcdn-a.akamaihd.net/steamcommunity/public/images/avatars/5c/5c9d327b627fac28eaa7da83b9a1a0884ce7f3dc_medium.jpg","large":"https://steamcdn-a.akamaihd.net/steamcommunity/public/images/avatars/5c/5c9d327b627fac28eaa7da83b9a1a0884ce7f3dc_full.jpg"},"status":{"text":"Online","code":1}}}}
{"user":{"user":{"email":"example@email.com","token":"640eee2df369dbd2bf3427bbf7a995","steamid":null        ,"username":"IMAGINATIVE-SHRIMP","created_at":"Wed Nov 18 2020"},"steamid":null,"steamProfile":null},"game":{"owned":[],"recent":[],"games":[]},"auth":{"user":{"steamid":"76561198272843849","_id":"0366507d-845d-4004-8fc0-b48a620a850d","username":"WONDERFUL-PIG","email":"newnew@email.com","password":"m1m1m1","token":"4a1a23183d68780d3bc70fc088bf64","created_at":"2020-11-18T17:16:22.185Z"},"steamid":"76561198272843849","steamProfile":{"steamid":"76561198272843849","username":"Tumssuslucul","last_online":"9 Minutes ago","created_at":{"date":"Mon Dec 28 2015","duration":"4 Years ago"},"avatar":{"small":"https://steamcdn-a.akamaihd.net/steamcommunity/public/images/avatars/5c/5c9d327b627fac28eaa7da83b9a1a0884ce7f3dc.jpg","medium":"https://steamcdn-a.akamaihd.net/steamcommunity/public/images/avatars/5c/5c9d327b627fac28eaa7da83b9a1a0884ce7f3dc_medium.jpg","large":"https://steamcdn-a.akamaihd.net/steamcommunity/public/images/avatars/5c/5c9d327b627fac28eaa7da83b9a1a0884ce7f3dc_full.jpg"},"status":{"text":"Online","code":1}}}}
{"user":{"user":{"email":"example@email.com","token":"640eee2df369dbd2bf3427bbf7a995","steamid":null,"username":"IMAGINATIVE-SHRIMP","created_at":"Wed Nov 18 2020"},"steamid":null,"steamProfile":null},"game":{"owned":[],"recent":[]}}
{"user":{"user":{"email":"example@email.com","token":"ef116dc7ee5c487962c09f27812410","steamid":null,"username":"THAN00BER","created_at":"Thu Nov 19 2020"},"steamid":null,"steamProfile":null},"game":{"owned":[],"recent":[]},"util":{"edit":false}}
{"user":{"user":{"steamid":"76561198272843849","_id":"1f9e8bb7-5ccc-4c05-9d20-ac956083f058","username":"THAN00BER","email":"example@email.com","password":"m1m1m1","token":"ef116dc7ee5c487962c09f27812410","created_at":"Thu Nov 19 2020"},"steamid":null,"steamProfile":null},"game":{"owned":[],"recent":[]},"util":{"edit":false}}
{"user":{"user":null,"steamid":null,"steamProfile":null},"game":{"owned":[],"recent":[]},"util":{"edit":false}}
{"user":{"user":null,"steamProfile":null,"steamid":null},"game":{"owned":[],"recent":[]},"util":{"edit":false}}
{"user":{"user":null,"steamProfile":null,"steamid":null},"game":{"owned":[],"recent":[]},"util":{"edit":false}}
{"user":{"user":null,"steamProfile":null},"game":{"owned":[],"recent":[]},"util":{"edit":false,"twoFactorAuth":false}}